title,time,date,link,content,symbols_found
LG RECOGNIZED AS 2024 SUPPLIER OF THE YEAR BY GENERAL MOTORS,21:00 ET,2025-04-13,https://www.prnewswire.com/news-releases/lg-recognized-as-2024-supplier-of-the-year-by-general-motors-302426406.html,"Apr 13, 2025, 21:00 ET
Share this article
Company Recognized for Innovation Excellence at GM's 33rd Annual Supplier of the Year Award
SEOUL, South Korea,April 13, 2025/PRNewswire/ -- LG Electronics (LG), a mobility sector technology leader, has been honored at General Motors' (GM) 33rd annual Supplier of the Year event inArizona, USA, earning the coveted title of ""Creativity Team Award"" for redefining in-vehicle entertainment and connectivity.
""This latest recognition from GM serves as a testament to our commitment to developing and reliably supplying innovative automotive solutions,"" saidEun Seok-hyun, president of the LG Vehicle Solution Company. ""We look forward to strengthening our partnership as we continue to push the boundaries of automotive technology.""
""This latest recognition from GM serves as a testament to our commitment to developing and reliably supplying innovative automotive solutions,"" saidEun Seok-hyun, president of the LG Vehicle Solution Company. ""We look forward to strengthening our partnership as we continue to push the boundaries of automotive technology.""
GM's Supplier of the Year awards recognizes global suppliers for their execution across key categories like safety, innovation and resilience. A global cross-functional team makes award selections based not only on an organization's performance across 2024, but also their alignment to GM's core values and ambitious goals.
""For more than 30 years, General Motors has recognized the company's top global suppliers at our annual event, spotlighting their innovation and resiliency through even the most challenging circumstances,"" saidJeff Morrison, global chief procurement officer at GM. ""Together, we're helping bring advanced technology and the industry's broadest portfolio of vehicles to market for GM customers.""
LG has been a trusted partner to GM since 2006. The company was first recognized at GM's Supplier of the Year Award in 2014 and has now been honored by GM on seven separate occasions. This achievement highlights LG's ability to consistently develop and deliver cutting-edge solutions. In 2016, 2022, and 2023, LG received GM's Overdrive Award, an accolade reserved for suppliers that have made exceptional contributions within the framework of GM's Global Purchasing & Supply Chain operations. Additionally, in 2017 and 2020, LG earned the Innovation Award for its successful efforts to enhance vehicle performance and the customer experience.
In addition to the Supplier of the Year Award, LG earned recognition for its outstanding achievements in customer care & aftersales parts supply, securing the On-Time Shipping (OTS) Award for three consecutive years starting in 2023. From 2022 to 2024, LG consistently maintained an impressive OTS rate of 99% for parts supplied to GM North America, earning the esteemed Gold Award. Furthermore, inApril 2024, LG achieved a flawless OTS rate of 100% for service parts delivered to GM Korea and GM Brazil throughout 2023, earning the coveted Platinum Award, GM's highest accolade for supplier performance.
This year, 92 suppliers across 12 countries made GM's 2024 Supplier of the Year list. For more information, visitnews.gm.com.
About LG Electronics Vehicle Solution Company
The LG Vehicle Solution Company (VS) is bringing LG's unique human-centered innovations to the automotive industry. As a trusted and innovative partner, the company provides intelligent solutions including head units, displays, connectivity, ADAS vision systems, and software solutions for software-defined vehicles. Committed to ""Driving Better Future Mobility,"" the company has diversified its portfolio to further strengthen its capabilities. This includes the acquisition of automotive lighting systems provider ZKW Group and vehicle cybersecurity company Cybellum, as well as the establishment of the LG Magna e-Powertrain joint venture. For more news on LG, visitwww.LG.com/global/mobility.
About General Motors
General Motors (NYSE:GM) is driving the future of transportation, leveraging advanced technology to build safer, smarter, and lower emission cars, trucks, and SUVs. GM'sBuick,Cadillac,Chevrolet, andGMCbrands offer a broad portfolio of innovative gasoline-powered vehicles and the industry's widest range of EVs, as we move to an all-electric future. Learn more atGM.com.
SOURCE LG Electronics",['GM']
"Kengyi Technology (Guangdong) Co., Ltd. lancia all'Expo Pechino 2025 i modelli di punta di NLP Motorcycles","Apr 12, 2025, 23:19 ET",2025-04-13,https://www.prnewswire.com/news-releases/kengyi-technology-guangdong-co-ltd-lancia-allexpo-pechino-2025-i-modelli-di-punta-di-nlp-motorcycles-302427067.html,"Apr 12, 2025, 23:19 ET
Share this article
PECHINO,13 aprile 2025/PRNewswire/ --NLP Motorcycles, un marchio globale di motociclette di lusso, ha presentato in anteprima, al Salone internazionale di motocicletta di Pechino 2025 (stand H12, padiglione W2), i suoi modelli di punta ad alte prestazioni: leserie DEVILS STeserie ULTAIL GL. Questo debutto sottolinea l'approccio di NLPbasato su ""produzione conforme + personalizzazione premium"", superando le tradizionali restrizioni sulle modifiche per offrire soluzioni omologate, ad alte prestazioni e personalizzate ai motociclisti di tutto il mondo, ridefinendo il valore delle motociclette premium.
L'innovazione al centro: La conformità incontra la personalizzazioneLe motociclette NLP aderiscono alsistema di certificazione globale WMIe agli standard 3C e vengono prodotte in fabbriche di proprietà estera per garantire la conformità alle registrazioni a livello nazionale, eliminando gli ostacoli normativi regionali. Progettando veicoli che trascendono i limiti di modifica ""1087"" della Cina, NLP risolve i problemi di compatibilità e quelli post-vendita, consentendo""personalizzazione legale e guida senza pensieri"".
L'innovazione al centro: La conformità incontra la personalizzazioneLe motociclette NLP aderiscono alsistema di certificazione globale WMIe agli standard 3C e vengono prodotte in fabbriche di proprietà estera per garantire la conformità alle registrazioni a livello nazionale, eliminando gli ostacoli normativi regionali. Progettando veicoli che trascendono i limiti di modifica ""1087"" della Cina, NLP risolve i problemi di compatibilità e quelli post-vendita, consentendo""personalizzazione legale e guida senza pensieri"".
Visione del marchio: Libertà oltre i confiniNLP afferma:""La libertà deve trascendere le politiche, i costi o le barriere tecniche. Diamo ai motociclisti gli strumenti per fondere tecnologia e arte, facendo delle moto un'estensione della loro identità"".
Impatto strategico: Ridefinire la mobilità di lussoNLP è pionierenella personalizzazione di lusso omologata per la strada, unendo prestazioni ed esclusività e spostando al contempo il comportamento dei consumatori da acquisti standardizzati a""ecosistemi di mobilità personalizzati"".Definisce parametri di riferimento tecnici e commerciali scalabili per mercati personalizzati globali.
Informazioni su NLP MotorcyclesNLP reinventa la cultura della guida attraverso ingegneria e design all'avanguardia, offrendo veicoli conformi, personalizzazione su misura e servizi per il ciclo di vita, per promuovere la conformità, la personalizzazione e la sostenibilità del settore.
Contatto con i media:Peggy | Tel: +86-13929919443 | E-mail:[email protected]
(Per maggiori dettagli, visitare lo stand H12, padiglione W2 – Salone motociclistico di Pechino 2025.)
Foto -https://mma.prnewswire.com/media/2662738/1.jpg",[]
CNH und DENSO werden auf der EMEA SEC 2025 für ihre herausragenden Bemühungen um den Markenschutz gewürdigt,"Apr 12, 2025, 08:09 ET",2025-04-13,https://www.prnewswire.com/news-releases/cnh-und-denso-werden-auf-der-emea-sec-2025-fur-ihre-herausragenden-bemuhungen-um-den-markenschutz-gewurdigt-302427003.html,"Apr 12, 2025, 08:09 ET
Share this article
AMSTERDAM,12.April 2025/PRNewswire/ -- Die EMEA Security & Authentication Conference (EMEA SEC) 2025 hatCNH und DENSOfür ihre vorbildlichen Bemühungen im Bereich Markenschutz und Fälschungsbekämpfung ausgezeichnet. Die Auszeichnungen heben die wirkungsvolle Anwendung von KI-gestützten kryptografischen Lösungen hervor, die darauf abzielen, die Markenauthentifizierung branchenübergreifend zu revolutionieren. Durch diese Kooperationen hatEnnoventureeine zentrale Rolle bei der Sensibilisierung und Förderung proaktiver Maßnahmen gegen Fälschungen innerhalb der Automobil-Lieferkette für DENSO gespielt, während CNH den Markenschutz und die Produktauthentizität auf den globalen Agrar- und Industriemärkten stärkt.
CNH und DENSOwurden jeweils für ihre Beiträge ausgezeichnet – das eine Unternehmen alsführender Anbieter von Technologie zur Bekämpfungvon Fälschungen und das andere alsVerfechter der Sensibilisierung für Fälschungen. Während CNH für den strategischen Einsatz digitaler Authentifizierung zur Sicherstellung der Produktauthentizität und zum Schutz des Kundenvertrauens ausgezeichnet wurde, erhielt DENSO die Auszeichnung für die Vorreiterrolle bei Initiativen zur Aufklärung von Kunden und Branchenvertretern über die mit gefälschten Autoteilen verbundenen Risiken.
CNH und DENSOwurden jeweils für ihre Beiträge ausgezeichnet – das eine Unternehmen alsführender Anbieter von Technologie zur Bekämpfungvon Fälschungen und das andere alsVerfechter der Sensibilisierung für Fälschungen. Während CNH für den strategischen Einsatz digitaler Authentifizierung zur Sicherstellung der Produktauthentizität und zum Schutz des Kundenvertrauens ausgezeichnet wurde, erhielt DENSO die Auszeichnung für die Vorreiterrolle bei Initiativen zur Aufklärung von Kunden und Branchenvertretern über die mit gefälschten Autoteilen verbundenen Risiken.
„Wir von EMEA SEC 2025 sind der Meinung, dass ein bedeutender Fortschritt im Kampf gegen Fälschungen nur durch eine starke Zusammenarbeit möglich ist.CNH und DENSOsind ein Beispiel dafür, wie Partnerschaften – wie die mit Ennoventure – Ideen in wirkungsvolle Markenschutzstrategien für globale Märkte umwandeln können"", sagteHazem Ibrahim, Gründer und Geschäftsführer der ASIAS Security Group SDN BHD.
„Wir freuen uns sehr, dass unsere Kunden CNH und DENSO diese prestigeträchtigen Auszeichnungen auf der EMEA SEC 2025 erhalten"", sagtePadmakumar Nair,GeschäftsführerbeiEnnoventure, Inc.„Ihre Anerkennung ist ein Beweis für die Wirkung unserer KI-gestützten Verschlüsselungslösungen bei der Sicherung von Marken und dem Schutz der Verbraucher. Dieser Sieg unterstreicht unser Engagement für die Bereitstellung von Technologien, die sinnvolle Veränderungen beim Markenschutz bewirken.""
Informationen zuEnnoventure, Inc.
Ennoventure, Inc. ist ein globales SaaS-Unternehmen, das die digitale Revolution im Markenschutz anführt und sich durch seine patentierte unsichtbare Signatur auszeichnet, die auf KI und Kryptographie basiert. Mit Innovation und Menschen im Mittelpunkt unterstützen wir Marken und Verbraucher, indem wir Produktverpackungen authentifizieren und sie in intelligente, vernetzte Verpackungen verwandeln. Unsere Lösungen lassen sich nahtlos in die Produktverpackung integrieren, ohne dass der Prozess geändert oder Investitionen getätigt werden müssen. Große Marken auf der ganzen Welt vertrauen auf unsere unsichtbaren Signaturen auf Milliarden von Produktverpackungen in verschiedenen Branchen, darunter Automobil- und Industrieersatzteile, FMCG, Agrochemikalien und viele mehr. Ennoventure, Inc. hat seinen Hauptsitz inMassachusettsund unterhält Büros inDubaiund Indien.
Besuchen Siewww.ennoventure.comund definieren Sie Ihre Markenschutzstrategie neu.
Medienkontakt
[email protected]Leiter der Abteilung Nachfragegenerierung und Wachstum+91-8861610538
Foto:https://mma.prnewswire.com/media/2662693/ASIAS_SECURITY_GROUP.jpg",[]
"AutoNation Announces First Quarter 2025 Earnings Conference Call and Audio Webcast Scheduled for Friday, April 25, 2025","Apr 11, 2025, 16:05 ET",2025-04-13,https://www.prnewswire.com/news-releases/autonation-announces-first-quarter-2025-earnings-conference-call-and-audio-webcast-scheduled-for-friday-april-25-2025-302426664.html,"Apr 11, 2025, 16:05 ET
Share this article
FORT LAUDERDALE, Fla.,April 11, 2025/PRNewswire/ --AutoNation, Inc.(NYSE:AN), today announced that it will release its financial results for the first quarter endedMarch 31, 2025, onFriday, April 25, 2025, before the market opens. AutoNation management will discuss these results and other information regarding the Company during a conference call and audio webcast that same day at9:00 a.m. Eastern Time.
The conference call may be accessed by telephone at 833-470-1428 (Conference ID: 769886) or on AutoNation's investor relations website atinvestors.autonation.com. The webcast will also be available on AutoNation's website following the call under ""Events & Presentations"" after12:00 p.m. Eastern TimeonApril 25, 2025, through11:59 p.m. Eastern Time on Friday, May 16, 2025, or by calling 866-813-9403 (Conference ID: 632312).
About AutoNation, Inc.AutoNation, one of the largest automotive retailers inthe United States, offers innovative products, exceptional services, and comprehensive solutions, and empowers its customers to make the best decisions for their needs. With a nationwide network of dealerships strengthened by a recognized brand, we offer a wide variety of new and used vehicles, customer financing, parts, and expert maintenance and repair services. Through DRV PNK, we have raised over$40 millionfor cancer-related causes, demonstrating our commitment to making a positive difference in the lives of our Associates, Customers, and the communities we serve.
Please visitwww.autonation.com, investors.autonation.com, andwww.x.com/autonation, where AutoNation discloses additional information about the Company, its business, and its results of operations. Please also visitwww.autonationdrive.com, AutoNation's automotive blog, for information regarding the AutoNation community, the automotive industry, and current automotive news and trends.
SOURCE AutoNation, Inc.",[]
"Diminished Value and Auto Appraisal Experts, Auto Value Professionals, Launches New Nationwide Vehicle Appraisal Website","Apr 11, 2025, 14:50 ET",2025-04-13,https://www.prnewswire.com/news-releases/diminished-value-and-auto-appraisal-experts-auto-value-professionals-launches-new-nationwide-vehicle-appraisal-website-302426710.html,"Apr 11, 2025, 14:50 ET
Share this article
Auto Value Professionals has launched a new, user-friendly website offering certified vehicle appraisal services nationwide, including diminished value claims, total loss appraisals, and classic car valuations. The platform empowers drivers, attorneys, and collectors across all 50 states to secure fair compensation with expert, region-specific appraisals.
MIAMI,April 11, 2025/PRNewswire/ -- Auto Value Professionals, the nation's leading provider of vehicle appraisal services, is proud to announce the launch of its newly designed website:https://autovalueprofessionals.com. The new site offers a user-friendly, informative platform for drivers, attorneys, repair shops, and classic car collectors to access trusted vehicle appraisal services nationwide.
Auto Value Professionals specializes indiminished value claims, total loss appraisals, classic and luxury car valuations, andpost-accident inspections. With deep expertise in state-specific insurance regulations, the company helps clients recover fair compensation, protect high-value investments, and challenge unfair insurance settlements with confidence.
Auto Value Professionals specializes indiminished value claims, total loss appraisals, classic and luxury car valuations, andpost-accident inspections. With deep expertise in state-specific insurance regulations, the company helps clients recover fair compensation, protect high-value investments, and challenge unfair insurance settlements with confidence.
The redesigned website features streamlined navigation, improved service breakdowns, and state-by-state appraisal resources. It's built to empower users with knowledge, clarity, and a direct path to accurate, independent vehicle valuations.
""We built this platform with one goal in mind—making expert appraisals accessible to anyone, anywhere in the U.S.,"" saidOliver Custer, Founder of Auto Value Professionals. ""Whether you've been in an accident or you're protecting a classic car, our team is here to help you get what you're rightfully owed.""
FromCaliforniatoNew York, Auto Value Professionals delivers certified appraisal reports tailored to each region's laws and standards. Visitors can now explore the site by state, review FAQs, and connect directly with seasoned professionals who understand the nuances of insurance negotiations and legal documentation.
To learn more or request a personalized appraisal, visithttps://autovalueprofessionals.com.
About Auto Value Professionals
Auto Value Professionals is a nationally recognized vehicle appraisal firm specializing in diminished value claims, total loss valuations, and classic car appraisals. Operating across all 50 states, our certified appraisers provide accurate, independent assessments to help clients secure fair compensation and protect their automotive investments. With a deep understanding of state-specific insurance laws and decades of industry experience, we offer personalized appraisal solutions tailored to each client's needs. Whether assisting with insurance negotiations, legal disputes, or classic car documentation, Auto Value Professionals is committed to delivering trusted, expert services nationwide.
Media Contact:Oliver Custer[email protected]autovalueprofessionals.com(561) 345-1868
SOURCE Auto Value Professionals",[]
Carl Black Hiram Offers a Wide Selection of Used Jeep Vehicles Available to Shop Online,"Apr 11, 2025, 14:17 ET",2025-04-13,https://www.prnewswire.com/news-releases/carl-black-hiram-offers-a-wide-selection-of-used-jeep-vehicles-available-to-shop-online-302426648.html,"Apr 11, 2025, 14:17 ET
Share this article
Jeep-Lovers Can Find a Diverse Inventory at Carl Black Hiram
HIRAM, Ga.,April 11, 2025/PRNewswire/ -- Carl Black Hiram offers a diverse and high-quality selection of used Jeep vehicles, all of which can be conveniently browsed and purchased online. With models priced under$30,000and options from recent model years to vehicles up to ten years old, Carl Black Hiram continues to provide value and flexibility for Jeep enthusiasts and everyday drivers alike.
Available Models: From Rugged to Refined
Carl Black Hiram's used Jeep inventory includes a full range of vehicles designed to suit various driving needs and lifestyles. Available models include the Jeep Cherokee, Compass, Gladiator, Grand Wagoneer, Grand Cherokee, Wrangler, and Wrangler Unlimited.
Whether customers are looking for a compact SUV, a capable off-roader, or a luxurious family vehicle, the dealership's Jeep selection covers it all—with some models available for less than$30,000. Shoppers can find vehicles from the most recent model year as well as well-maintained Jeeps that are up to ten years old.
Shop Jeep Vehicles Online with Ease
Carl Black Hiram offers an intuitive and user-friendly online shopping experience that allows customers to shop for used Jeep vehicles from anywhere. The dealership's digital showroom enables shoppers to easily search through available inventory, compare vehicles, and make well-informed decisions—all without stepping foot on the lot.
Advanced Online Inventory Tools for Smarter Buying
Drivers who use Carl Black Hiram's online inventory can take advantage of a range of helpful filters and tools. Customers can narrow down their search by price, year, model, mileage, color, features, fuel type, and more. Each vehicle listing provides detailed pricing, specifications, and feature information, as well as vehicle history reports for transparency and peace of mind.
Buyers can also explore payment options, estimate monthly costs, and calculate the trade-in value of their current vehicle directly from the listing page—making the shopping process both comprehensive and convenient.
About Carl Black Hiram
Carl Black Hiram is a trusted name in pre-owned vehicle sales in theHiram, Georgia, area. The dealership is committed to offering reliable vehicles, competitive pricing, and a customer-first experience. With a focus on quality, transparency, and service, Carl Black Hiram ensures every driver finds a vehicle they can count on—and now, shopping online makes that process easier than ever.
For more information, visitwww.carlblackhiram.comor stop by the dealership inHiram, Georgia, to explore their inventory in person.
SOURCE Carl Black Hiram Auto Superstore; Carl Black Hiram Auto Superstore",[]
All-New Subaru Motorsports USA WRX ARA25L to Debut at Olympus Rally,"Apr 11, 2025, 13:38 ET",2025-04-13,https://www.prnewswire.com/news-releases/all-new-subaru-motorsports-usa-wrx-ara25l-to-debut-at-olympus-rally-302426733.html,"Apr 11, 2025, 13:38 ET
Share this article
SHELTON, Wash.,April 11, 2025/PRNewswire/ -- The all-new WRX ARA25L from Subaru MotorsportsUSAmakes its racing debut atWashington State'sOlympus Rally this weekend. Piloted by extreme sports legend and Subaru MotorsportsUSAdriverTravis Pastrana, the WRX ARA25L will compete within the fast-paced and accessible American Rally Association (ARA) Limited 4-Wheel-Drive (L4WD) class.
L4WD competition cars are heavily modified compared to their stock counterparts but must adhere to specific parameters and restrictions. As such, they remain closely related to the WRX models on the showroom floor – particularly when compared to the cars found in the Open 4-Wheel-Drive (O4WD) class, where Subaru MotorsportsUSAdriverBrandon Semenukand co-driverKeaton Williamsare currently chasing a fourth straight ARA championship.
L4WD competition cars are heavily modified compared to their stock counterparts but must adhere to specific parameters and restrictions. As such, they remain closely related to the WRX models on the showroom floor – particularly when compared to the cars found in the Open 4-Wheel-Drive (O4WD) class, where Subaru MotorsportsUSAdriverBrandon Semenukand co-driverKeaton Williamsare currently chasing a fourth straight ARA championship.
Expertly designed and assembled by performance partner Vermont SportsCar, the WRX ARA25L showcases what is possible with a much closer to stock Subaru WRX while offering drivers the chance to compete withTravis Pastranaat a significantly lower price point than that of the O4WD class. The heart of the WRX ARA25L is its turbocharged and intercooled 2.4-liter Subaru FA24 BOXER engine. With its factory turbocharger, ARA L4WD class-mandated 33mm restrictor and 2.5-bar absolute boost limit, the ARA25L's engine produces roughly 315 horsepower and 460 lb-ft of torque. Power is sent to all four wheels via a 6-speed sequential gearbox with a 3-plate carbon race clutch.
Suspension duties are handled by R53 motorsport springs and dampers along with a combination of OEM and VSC hardware, and the WRX ARA25L's 15-inch O.Z. Competition wheels wear Yokohama ADVAN A053 rally tires. Brembo 4-piston brake calipers and 300mm brake rotors front and rear bring everything to a halt.
According to Pastrana, fresh out of the car on day one of testing, the WRX ARA25L is""a really fun car to drive""with""less downforce than the open car, which adds even more to the fun factor. It drives like a 125cc 2-stroke – you're always shiftin' and movin'!""
The anticipation for Pastrana's 2025 ARA debut has been building, and now with the reveal of the WRX ARA25L and Subaru MotorsportsUSA'sparticipation in L4WD there are more reasons than ever to go spectate – or enter – a rally. Look for Pastrana and the WRX ARA25L at ARA events all season long, including some Super Regionals like July's Rally Colorado, and for the latest news and updates be sure to follow Subaru MotorsportsUSAonFacebook, on Instagram@subarumotorsportsusa, and TikTok@subarumotorsportsusa.
About Subaru MotorsportsUSASubaru MotorsportsUSAis directed bySubaru of America, Inc., managed byVermont SportsCarand proudly supported byMOTUL,Yokohama Tires,R53 Suspension,Triple-R Lights,DirtFish Rally School, andSparcoUSA. Follow the team online atwww.subaru.com/motorsports.Follow Subaru MotorsportsUSAonFacebook, on Instagram@subarumotorsportsusa, and on TikTok@subarumotorsportsusa.About Subaru of America, Inc.Subaru of America, Inc.(SOA) is an indirect wholly owned subsidiary ofSubaru CorporationofJapan. Headquartered at a zero-landfill office inCamden, N.J., the company markets and distributes Subaru vehicles, parts, and accessories through a network of more than 630 retailers acrossthe United States. All Subaru products are manufactured in zero-landfill plants andSubaru of Indiana Automotive, Inc.is the only U.S. automobile manufacturing plant to be designated a backyard wildlife habitat by the National Wildlife Federation. SOA is guided by theSubaru Love Promise, which is the company's vision to show love and respect to everyone, and to support its communities and customers nationwide. Over the past 20 years, SOA and the SOA Foundation have donated more than$300 millionto causes the Subaru family cares about, and its employees have logged nearly 88,000 volunteer hours. As a company, Subaru believes it is important to do its part in making a positive impact in the world because it is the right thing to do. For additional information visitmedia.subaru.com. Follow us onFacebookandInstagram.
James TateMotorsports Marketing ManagerSubaru of America, Inc.(856) 488-8622[email protected]
Dominick InfanteDirector, Corporate CommunicationsSubaru of America, Inc.(856) 488-8615[email protected]
SOURCE Subaru of America, Inc.",[]
"Kengyi Technology (Guangdong) Co., Ltd. Lancement des modèles phares de NLP Motorcycles au salon de Pékin 2025","Apr 11, 2025, 13:16 ET",2025-04-13,https://www.prnewswire.com/news-releases/kengyi-technology-guangdong-co-ltd-lancement-des-modeles-phares-de-nlp-motorcycles-au-salon-de-pekin-2025-302426714.html,"Apr 11, 2025, 13:16 ET
Share this article
PEKIN,11 avril 2025/PRNewswire/ --NLP Motorcycles, marque mondiale de motos de luxe, a présenté ses modèles phares haute performance (leDEVILS ST Serieset l'ULTAIL GL Series) lors du Salon international de la moto de Pékin 2025 (stand H12, Hall W2). Ce lancement souligne l'approche de NLP« production conforme + personnalisation haut de gamme », qui surmonte les restrictions traditionnelles en matière de modification pour offrir des solutions légales, performantes et personnalisées aux pilotes du monde entier, redéfinissant ainsi la valeur des motos haut de gamme.
Innovation fondamentale : La conformité rencontre la personnalisationLes motos NLP sont conformes ausystème de certification mondial WMIet aux normes 3C. Elles sont produites dans des usines à l'étranger, afin de garantir la conformité de l'enregistrement à l'échelon national, éliminant ainsi les obstacles relatifs à la réglementation régionale. En concevant des véhicules qui transcendent les limites de modification imposées par la loi chinoise ""1087"", NLP résout les problèmes de compatibilité et d'après-vente, ce qui permet de proposer une« personnalisation légale et une conduite sans souci ».
Innovation fondamentale : La conformité rencontre la personnalisationLes motos NLP sont conformes ausystème de certification mondial WMIet aux normes 3C. Elles sont produites dans des usines à l'étranger, afin de garantir la conformité de l'enregistrement à l'échelon national, éliminant ainsi les obstacles relatifs à la réglementation régionale. En concevant des véhicules qui transcendent les limites de modification imposées par la loi chinoise ""1087"", NLP résout les problèmes de compatibilité et d'après-vente, ce qui permet de proposer une« personnalisation légale et une conduite sans souci ».
Vision de la marque : La liberté au-delà des frontièresNLP affirme que :« La liberté de faire de la moto doit l'emporter sur les politiques, les coûts ou les barrières techniques. Nous donnons aux pilotes les moyens de fusionner la technologie et l'art, en mettant leurs motos à leur image ».
Impact stratégique : Redéfinir la mobilité de luxeNLP est le pionnierde la personnalisation du luxe conformément aux dispositions légales de circulation, fusionnant performance et exclusivité tout en faisant évoluer le comportement des consommateurs pour les inciter à passer des achats normalisés àdes « écosystèmes de mobilité personnalisés ».Il établit des références techniques et commerciales évolutives pour les marchés mondiaux de produits sur mesure.
À propos de NLP MotorcyclesNLP réinvente la culture de la conduite grâce à une ingénierie et une conception de pointe, en proposant des véhicules conformes, une personnalisation sur mesure et des services de cycle de vie visant à faire progresser la légalisation, la personnalisation et la durabilité du secteur.
Relations avec la presse :Peggy | Tel: +86-13929919443 | E-mail :[email protected]
(Pour plus de détails, voir le stand H12, Hall W2 – Salon de la moto de Pékin 2025.)
Photo -https://mma.prnewswire.com/media/2662738/1.jpg",[]
"Kengyi Technology (Guangdong) Co., Ltd. Einführung der Flaggschiff-Modelle von NLP Motorcycles auf der 2025 Beijing Expo","Apr 11, 2025, 13:05 ET",2025-04-13,https://www.prnewswire.com/news-releases/kengyi-technology-guangdong-co-ltd-einfuhrung-der-flaggschiff-modelle-von-nlp-motorcycles-auf-der-2025-beijing-expo-302426708.html,"Apr 11, 2025, 13:05 ET
Share this article
BEIJING,11.April 2025/PRNewswire/ --NLP Motorcycles, eine globale Luxusmotorradmarke, stellte auf der 2025 Beijing International Motorcycle Exhibition (Stand H12, Halle W2) erstmals seine leistungsstarken Flaggschiff-Modelle vor:die DEVILS ST Serieund dieULTAIL GL Serie. Dieses Debüt unterstreicht den„compliant production + premium customization""(etwa: konforme Herstellung + Premium-Individualisierung) Ansatz von NLP, der traditionelle Modifikationsbeschränkungen überwindet, um legale, leistungsstarke und individuelle Lösungen für Fahrer auf der ganzen Welt zu liefern und den Wert von Premium-Motorrädern neu zu definieren.
Die wichtigste Innovation: Konformität trifft IndividualisierungNLP-Motorräder entsprechen demglobalen WMI-Zertifizierungssystemund den 3C-Standards und werden in Fabriken in Übersee hergestellt, um die landesweite Zulassung zu gewährleisten und regionale regulatorische Hürden zu beseitigen. Durch die Entwicklung von Fahrzeugen, die die „1087""-Grenzen für Modifikationen inChinaüberschreiten, löst NLP Kompatibilitäts- und Nachverkaufsprobleme und ermöglicht„legale Anpassungen, sorgenfreies Fahren"".
Die wichtigste Innovation: Konformität trifft IndividualisierungNLP-Motorräder entsprechen demglobalen WMI-Zertifizierungssystemund den 3C-Standards und werden in Fabriken in Übersee hergestellt, um die landesweite Zulassung zu gewährleisten und regionale regulatorische Hürden zu beseitigen. Durch die Entwicklung von Fahrzeugen, die die „1087""-Grenzen für Modifikationen inChinaüberschreiten, löst NLP Kompatibilitäts- und Nachverkaufsprobleme und ermöglicht„legale Anpassungen, sorgenfreies Fahren"".
Markenvision: Freiheit jenseits von GrenzenNLP erklärt:„Die Fahrfreiheit muss über Politik, Kosten oder technische Barrieren hinausgehen. Wir ermöglichen es den Fahrern, Technologie und Kunstfertigkeit zu vereinen und ihre Motorräder in eine Erweiterung ihrer Identität zu verwandeln.""
Strategische Auswirkungen: Neudefinition der LuxusmobilitätNLP ist Vorreiter bei derstraßenzugelassenen Luxusindividualisierung, die Leistung mit Exklusivität verbindet und gleichzeitig das Kundenverhalten von standardisierten Käufen auf„personalisierte Mobilitätsökosysteme"" verlagert.Das Unternehmen setzt skalierbare technische und kommerzielle Maßstäbe für globale Märkte und kundenspezifische Produkte.
Informationen zu NLP MotorcyclesNLP definiert die Fahrkultur durch modernste Technik und Design neu und bietet konforme Fahrzeuge, maßgeschneiderte Individualisierungen und Lifecycle-Services, um Legalisierung, Personalisierung und Nachhaltigkeit in der Branche voranzutreiben.
Medienkontakt:Peggy | Tel.: +86-13929919443 | E-Mail:[email protected]
(Weitere Informationen finden Sie am Stand H12, Halle W2 - 2025 Beijing Motorcycle Exhibition).
Foto –https://mma.prnewswire.com/media/2662738/1.jpg",[]
SUBARU ANNOUNCES GLOBAL DEBUT OF ALL-NEW 2026 SUBARU TRAILSEEKER AT 2025 NEW YORK INTERNATIONAL AUTO SHOW,"Apr 11, 2025, 13:00 ET",2025-04-13,https://www.prnewswire.com/news-releases/subaru-announces-global-debut-of-all-new-2026-subaru-trailseeker-at-2025-new-york-international-auto-show-302426694.html,"Apr 11, 2025, 13:00 ET
Share this article
CAMDEN, N.J.,April 11, 2025/PRNewswire/ -- Get ready to meet your newest adventure-ready sidekick from Subaru: the all-new 2026 Subaru Trailseeker EV SUV. See it in person at the 2025 New York International Auto Show, coming soon.
CheckSubaru's Media Centerfor more information.
About Subaru of America, Inc.Subaru of America, Inc.(SOA) is an indirect wholly owned subsidiary ofSubaru Corporationof Japan. Headquartered in Camden, N.J., the company markets and distributes Subaru vehicles, parts, and accessories through a network of about 640 retailers across the United States. All Subaru products are manufactured in zero-landfill plants, includingSubaru of Indiana Automotive, Inc., the only U.S. automobile manufacturing plant designated a backyard wildlife habitat by the National Wildlife Federation. SOA is guided by theSubaru Love Promise, which is the company's vision to show love and respect to everyone and to support its communities and customers nationwide. Over the past 20 years, SOA and the SOA Foundation have donated more than $320 million to causes the Subaru family cares about, and its employees have logged over 100,000 volunteer hours. Subaru is dedicated to being More Than a Car Company® and to making the world a better place. For additional information, visitmedia.subaru.com. Follow us onFacebook,Instagram,LinkedIn,TikTok, andYouTube.
Dominick InfanteDirector, Corporate Communications856.488.8615[email protected]
Aaron ColeProduct Communications Manager856.488.3697[email protected]
Miranda JimenezProduct Communications Specialist856.438.2820[email protected]
SOURCE Subaru of America, Inc.",[]
HONGQI E-HS9 wird offiziell VIP-Servicefahrzeug am Frankfurter Flughafen,"Apr 11, 2025, 12:59 ET",2025-04-13,https://www.prnewswire.com/news-releases/hongqi-e-hs9-wird-offiziell-vip-servicefahrzeug-am-frankfurter-flughafen-302426706.html,"Apr 11, 2025, 12:59 ET
Share this article
FRANKFURT, Deutschland,11.April 2025/PRNewswire/ -- Der HONGQI E-HS9 wurde offiziell in die VIP-Serviceflotte des Frankfurter Flughafens aufgenommen und bietet damit einen erstklassigen und komfortablen Transport für wichtige Gäste, einschließlich hochrangiger Regierungsvertreter und Wirtschaftsführer. Mit seinem anspruchsvollen Design und seinen fortschrittlichen Funktionen bringt der HONGQI E-HS9 unvergleichlichen Luxus in den VIP-Service des Frankfurter Flughafens.
Seit derersten Auslieferung des HONGQI E-HS9 an den Frankfurter Flughafen und dem anschließenden Probebetrieb im vergangenen Jahr wurde er für seine außergewöhnlichen Fahreigenschaften und die herausragende Fahrsicherheit hoch gelobt, zudem zeichnet er sich durch hervorragende Leistung und Verarbeitung aus. Dieses positive Feedback hat nicht nur das Vertrauen des Flughafens in die Marke HONGQI gestärkt, sondern auch eine solide Grundlage für die weitere Zusammenarbeit geschaffen. Der Flughafen plant nun, den HONGQI H9 in seine Flotte zu integrieren, um die Partnerschaft zu stärken und gemeinsam das Luxusreiseerlebnis zu verbessern.
Seit derersten Auslieferung des HONGQI E-HS9 an den Frankfurter Flughafen und dem anschließenden Probebetrieb im vergangenen Jahr wurde er für seine außergewöhnlichen Fahreigenschaften und die herausragende Fahrsicherheit hoch gelobt, zudem zeichnet er sich durch hervorragende Leistung und Verarbeitung aus. Dieses positive Feedback hat nicht nur das Vertrauen des Flughafens in die Marke HONGQI gestärkt, sondern auch eine solide Grundlage für die weitere Zusammenarbeit geschaffen. Der Flughafen plant nun, den HONGQI H9 in seine Flotte zu integrieren, um die Partnerschaft zu stärken und gemeinsam das Luxusreiseerlebnis zu verbessern.
Die HONGQI-Modelle E-HS9 und H9 integrieren nahtlos fortschrittliche Technologie mit exquisitem Design. Mit ihren außergewöhnlichen Fahreigenschaften und einer raffinierten und anspruchsvollen Innenausstattung bieten sie jedem Fahrgast einen komfortablen Rückzugsort und ein elegantes Ambiente für wertvolle Momente der Entspannung. Die leistungsstarke ternäre Lithium-Ionen-Batterie und der Dual-Motor-Allradantrieb des E-HS9 sorgen dafür, dass jede Fahrt effizient und angenehm verläuft. Die Liebe zum Detail ist für HONGQI essentiell, mit exklusiven Merkmalen wie dem beleuchteten „Wing of HONGQI""-Willkommenslicht auf dem H9, was die Eleganz der Marke unterstreicht. Das Electronic Courtesy System nutzt fortschrittliche Technologie, um VIPs ein intelligentes und komfortables Reiseerlebnis zu bieten. Die HONGQI-Modelle E-HS9 und H9 verkörpern perfekt die Verschmelzung von Luxus, Eleganz und Komfort und bieten jedes Mal ein außergewöhnliches und raffiniertes Reiseerlebnis.
Der E-HS9 ist das erste Fahrzeug von HONGQI, das nach Europa exportiert wird. Seit seiner Einführung 2020 hat er auf dem europäischen Markt große Aufmerksamkeit erregt in Ländern wie Norwegen, den Niederlanden und Schweden. Die Aufnahme der Modelle E-HS9 und H9 in die VIP-Flotte des Frankfurter Flughafens erweitert nicht nur das Luxusangebot des Flughafens, sondern festigt auch die Position von HONGQI als einer der Hauptakteure im globalen Luxusautomobilsektor. Die neuesten Modelle von HONGQI, der EH7 und der EHS7, wurden bereits auf den Markt gebracht und sind jetzt zum Verkauf verfügbar; eine erste Charge von Fahrzeugen ist auch bereits in Europa eingetroffen. Für die Zukunft plant HONGQI die Einführung weiterer Fahrzeuge mit alternativer Antriebstechnik auf dem europäischen Markt, um europäischen Kunden weiterhin exklusive und luxuriöse Fahrzeugoptionen zu bieten.
Website:https://www.hongqi-auto.comEHS9:https://www.hongqi-auto.com/go/bVFWxffzH9:https://www.hongqi-auto.com/go/2SXq2d3DEHS7:https://www.hongqi-auto.com/go/EFRv5UQyEH7:https://www.hongqi-auto.com/go/UoPMng9t
Photo –https://mma.prnewswire.com/media/2662793/image_5028817_38419043.jpg",[]
InventHelp Inventor Develops Medical Emergency Lights for Vehicles (PTA-236),"Apr 11, 2025, 12:30 ET",2025-04-13,https://www.prnewswire.com/news-releases/inventhelp-inventor-develops-medical-emergency-lights-for-vehicles-pta-236-302419929.html,"Apr 11, 2025, 12:30 ET
Share this article
PITTSBURGH,April 11, 2025/PRNewswire/ -- ""I wanted to create an effective way to signal for help if experiencing a seizure or heart attack while driving,"" said an inventor, from Tigard, Ore., ""so I invented the MEDICAL EMERGENCY LIGHTS. My design enables you to request emergency medical assistance, and it could offer peace of mind for safety-conscious motorists with health-related issues.""
The invention provides an improved emergency medical signal for motorists. In doing so, it would prompt others to call for help so an ambulance arrives on the scene in the quickest manner possible. As a result, it saves time, and it increases safety. The invention features an attention-getting design that is easy to use so it is ideal for vehicle owners, especially those who are elderly and/or suffer from medical issues.
The original design was submitted to thePortlandsales office of InventHelp. It is currently available for licensing or sale to manufacturers or marketers. For more information, write Dept. 23-PTA-236, InventHelp, 100 Beecham Drive, Suite 110,Pittsburgh, PA15205-9801, or call (412) 288-1300 ext. 1368. Learn more about InventHelp's Invention Submission Services athttp://www.InventHelp.com.
SOURCE InventHelp",[]
Le HONGQI E-HS9 devient officiellement un véhicule de service VIP à l'aéroport de Francfort,"Apr 11, 2025, 12:23 ET",2025-04-13,https://www.prnewswire.com/news-releases/le-hongqi-e-hs9-devient-officiellement-un-vehicule-de-service-vip-a-laeroport-de-francfort-302426692.html,"Apr 11, 2025, 12:23 ET
Share this article
FRANCFORT, Allemagne,11 avril 2025/PRNewswire/ -- Le HONGQI E-HS9 devient officiellement un véhicule de service VIP à l'aéroport de Francfort, proposant un mode de transport haut de gamme et confortable aux invités de marque, y compris les hauts fonctionnaires et les chefs d'entreprise. Avec son design sophistiqué et ses fonctions avancées, le HONGQI E-HS9 apporte un luxe inégalé au service VIP de l'aéroport de Francfort.
Depuis lapremière livraison du HONGQI E-HS9 à l'aéroport de Francfort et sa mise à l'essai l'année dernière, il a été encensé pour sa qualité de conduite exceptionnelle et sa sécurité de conduite, témoignant de performances et d'une qualité de fabrication remarquables. Ces commentaires positifs ont non seulement renforcé la confiance de l'aéroport dans la marque HONGQI, mais ont également établi des bases solides pour la poursuite de la collaboration. L'aéroport prévoit maintenant d'intégrer le HONGQI H9 dans sa flotte, renforçant ainsi le partenariat et améliorant conjointement l'expérience en matière de voyage de luxe.
Depuis lapremière livraison du HONGQI E-HS9 à l'aéroport de Francfort et sa mise à l'essai l'année dernière, il a été encensé pour sa qualité de conduite exceptionnelle et sa sécurité de conduite, témoignant de performances et d'une qualité de fabrication remarquables. Ces commentaires positifs ont non seulement renforcé la confiance de l'aéroport dans la marque HONGQI, mais ont également établi des bases solides pour la poursuite de la collaboration. L'aéroport prévoit maintenant d'intégrer le HONGQI H9 dans sa flotte, renforçant ainsi le partenariat et améliorant conjointement l'expérience en matière de voyage de luxe.
Les HONGQI E-HS9 et H9 intègrent harmonieusement une technologie de pointe et un design recherché. La qualité de conduite exceptionnelle, associée à des intérieurs raffinés et sophistiqués, offre à chaque passager un moment de détente privé et élégant. La batterie au lithium-ion ternaire haute performance du E-HS9 et son système de traction à quatre roues motrices à double moteur garantissent l'efficacité et la fluidité de chaque trajet. L'attention portée aux détails est essentielle pour HONGQI, avec des caractéristiques exclusives telles que les lumières d'accueil illuminées « Wing of HONGQI » sur le H9, qui mettent en valeur l'élégance de la marque. Le système de courtoisie électronique s'appuie sur une technologie de pointe pour offrir aux VIP une expérience de voyage intelligente et confortable. Les HONGQI E-HS9 et H9 incarnent parfaitement la fusion du luxe, de l'élégance et du confort, offrant à chaque fois un voyage extraordinaire et raffiné.
L'E-HS9 est le premier véhicule de HONGQI à être exporté enEurope. Depuis son lancement en 2020, il a suscité un vif intérêt sur le marché européen, en pénétrant dans des pays tels que la Norvège, les Pays-Bas et la Suède. L'ajout des E-HS9 et H9 à la flotte VIP de l'aéroport de Francfort renforce non seulement l'offre de services de luxe de l'aéroport, mais consolide également la position de HONGQI en tant qu'acteur clé dans le secteur mondial de l'automobile de luxe. Notamment, les derniers modèles de HONGQI, les EH7 et EHS7, ont déjà été lancés et sont désormais disponibles à la vente, le premier lot de véhicules étant déjà arrivé enEurope. À l'avenir, HONGQI prévoit d'introduire davantage de véhicules à énergie nouvelle sur le marché européen, continuant ainsi à proposer des options de conduite exclusives et luxueuses aux clients européens.
Site web :https://www.hongqi-auto.comEHS9 :https://www.hongqi-auto.com/go/bVFWxffzH9 :https://www.hongqi-auto.com/go/2SXq2d3DEHS7 :https://www.hongqi-auto.com/go/EFRv5UQyEH7 :https://www.hongqi-auto.com/go/UoPMng9t
Photo -https://mma.prnewswire.com/media/2662793/image_5028817_38419043.jpg",[]
NLP Motorcycles lanza sus modelos insignia en la Expo de Pekín 2025,"Apr 11, 2025, 12:01 ET",2025-04-13,https://www.prnewswire.com/news-releases/nlp-motorcycles-lanza-sus-modelos-insignia-en-la-expo-de-pekin-2025-302426678.html,"Apr 11, 2025, 12:01 ET
Share this article
-Kengyi Technology (Guangdong) Co., Ltd. lanza los modelos insignia de NLP Motorcycles en la Expo de Pekín 2025
BEIJING,11 de abril de 2025/PRNewswire/ --NLP Motorcycles, una marca global de motocicletas de lujo, presentó sus modelos insignia de alto rendimiento, lasseries DEVILS ST y ULTAIL GL, en la Exposición Internacional de Motocicletas de Pekín 2025 (Stand H12, Pabellón W2). Este debut subraya el enfoque de NLP de ""producción conforme a las normas + personalización premium"", superando las restricciones tradicionales de modificación para ofrecer soluciones legales, de alto rendimiento y personalizadas a motociclistas de todo el mundo, redefiniendo así el valor de las motocicletas premium.
Innovación clave: cumplimiento y personalizaciónLas motocicletas de NLP cumplen con elsistema de certificación global de WMIy los estándares 3C, y se producen en fábricas extranjeras para garantizar el cumplimiento del registro a nivel nacional, eliminando así los obstáculos regulatorios regionales. Al diseñar vehículos que superan los límites de modificación ""1087"" deChina, NLP resuelve los desafíos de compatibilidad y posventa, permitiendo unapersonalización legal y una conducción sin preocupaciones.
Innovación clave: cumplimiento y personalizaciónLas motocicletas de NLP cumplen con elsistema de certificación global de WMIy los estándares 3C, y se producen en fábricas extranjeras para garantizar el cumplimiento del registro a nivel nacional, eliminando así los obstáculos regulatorios regionales. Al diseñar vehículos que superan los límites de modificación ""1087"" deChina, NLP resuelve los desafíos de compatibilidad y posventa, permitiendo unapersonalización legal y una conducción sin preocupaciones.
Visión de marca: libertad sin fronterasNLP afirmó:""La libertad al volante debe trascender políticas, costes y barreras técnicas. Capacitamos a los motociclistas para fusionar tecnología y arte, transformando las motocicletas en extensiones de su identidad"".
Impacto estratégico: redefiniendo la movilidad de lujoNLP es pionera en lapersonalización de vehículos de lujo homologadospara circular por carretera,combinando rendimiento y exclusividad, a la vez que transforma el comportamiento del consumidor de las compras estandarizadas a""ecosistemas de movilidad personalizada"". Establece puntos de referencia técnicos y comerciales escalables para los mercados globales de vehículos personalizados.
Acerca de NLP MotorcyclesNLP reinventa la cultura de la conducción a través de ingeniería y diseño de vanguardia, ofreciendo vehículos compatibles, personalización a medida y servicios de ciclo de vida para promover la legalización, la personalización y la sostenibilidad de la industria.
Contacto para medios:Peggy | Tel: +86-13929919443 | Email:[email protected]
(Explore los detalles en el stand H12, pabellón W2 – Exposición de Motocicletas de Pekín 2025.)
Foto -https://mma.prnewswire.com/media/2662738/1.jpg",[]
"AUTOBELL® CAR WASH ADDS LOCATION IN GROWING GREATER CHARLESTON MARKET, DEBUTS FLEXIBLE DESIGN CONCEPT","Apr 11, 2025, 11:26 ET",2025-04-13,https://www.prnewswire.com/news-releases/autobell-car-wash-adds-location-in-growing-greater-charleston-market-debuts-flexible-design-concept-302425971.html,"Apr 11, 2025, 11:26 ET
Share this article
CHARLOTTE, N.C.,April 11, 2025/PRNewswire/ --Autobell Car Wash,headquartered here, recently opened its thirdSummerville, SC, location with a new wash in the growing Cane Bay community.
Autobell debuted in the greaterCharleston, SC, market in 2016 and now has six washes there, with other locations inSummerville,North Charleston,Johns Island, andCharleston(James Island).
Family-owned Autobell, celebrating 56 years in business next month, currently operates 91 washes in five states.
The Cane Bay wash is the first to feature a new Autobell design based on the modular concept, allowing the company to utilize either stick-built construction or pre-engineered components as needed to conform to future sites. This concept reduces ongoing architectural and engineering costs by creating a simple yet flexible design that allows customization in layout and construction to fit any site.
The new Summerville Autobell will employ approximately 20 full- and part-time team members.Charlie Canappwill lead the Autobell team at the new location as Store Manager.
Charleston District Manager Doug Robinson, a 19-year Autobell veteran, stated, ""It's been exciting to participate in the growth of Autobell in this market and help establish new locations that offer our customers excellent service, dependable quality, and increased convenience.""
Autobell Car Washservicesrange from full-service cleaning with interior and exterior finishing options completed by Autobell team members within minutes, to exterior-only washes that cater to customers' daily needs.
The company offers multi-levelUnlimitedSMcar wash plans that provide unlimited washes for a set monthly charge, as well as theAutobell Appthat allows customers to pre-purchase washes and skip the line while earningMy Autobell Rewards.
ABOUT AUTOBELL
Celebrating 56 years of service,Charlotte, NC-based Autobell Car Wash remains unwavering in its focus on customers and the cars they love. Founded in 1969 by the lateCharles Howard Sr., Autobell is privately held and operated by subsequent generations of the Howard family.
Autobell is a conveyorized car wash with a range of exterior and interior cleaning and finishing services completed by its team members within minutes, saving customers time and effort. The company currently operates 91 locations in the Southeast and Mid-Atlantic, with consistent expansion.
Autobell prioritizesteam member training and development,community involvement, its scholarship andfundraisingprograms, and environmental protection and conservation. All Autobell washes treat 100% of wash water used and recycle up to 100% using innovative, environmentally friendly systems.
For more information, visitautobell.com.
MEDIA ASSETS FOR DOWNLOAD
MEDIA CONTACT:Hensley Fontana Public Relations704-542-0607 office704-904-4495 mobile[email protected]
SOURCE Autobell Car Wash",[]
"Kengyi Technology (Guangdong) Co., Ltd. Launches NLP Motorcycles' Flagship Models at 2025 Beijing Expo","Apr 11, 2025, 11:16 ET",2025-04-13,https://www.prnewswire.com/news-releases/kengyi-technology-guangdong-co-ltd-launches-nlp-motorcycles-flagship-models-at-2025-beijing-expo-302426644.html,"Apr 11, 2025, 11:16 ET
Share this article
BEIJING,April 11, 2025/PRNewswire/ --NLP Motorcycles, a global luxury motorcycle brand, premiered its high-performance flagship models—DEVILS ST SeriesandULTAIL GL Series—at the 2025 Beijing International Motorcycle Exhibition (Booth H12, Hall W2). This debut underscores NLP's""compliant production + premium customization""approach, overcoming traditional modification restrictions to deliver legal, high-performance, and personalized solutions for riders worldwide, redefining premium motorcycle value.
Core Innovation: Compliance Meets CustomizationNLP's motorcycles adhere to theWMI global certification systemand 3C standards, produced in overseas-owned factories to ensure nationwide registration compliance, eliminating regional regulatory hurdles. By engineering vehicles to transcendChina's""1087"" modification limits, NLP resolves compatibility and post-sales challenges, enabling""legal customization, worry-free riding.""
Core Innovation: Compliance Meets CustomizationNLP's motorcycles adhere to theWMI global certification systemand 3C standards, produced in overseas-owned factories to ensure nationwide registration compliance, eliminating regional regulatory hurdles. By engineering vehicles to transcendChina's""1087"" modification limits, NLP resolves compatibility and post-sales challenges, enabling""legal customization, worry-free riding.""
Brand Vision: Freedom Beyond BoundariesNLP asserts:""Riding freedom must transcend policies, costs, or technical barriers. We empower riders to fuse technology and artistry, transforming motorcycles into extensions of their identity.""
Strategic Impact: Redefining Luxury MobilityNLP pioneersroad-legal luxury customization, merging performance with exclusivity while shifting consumer behavior from standardized purchases to""personalized mobility ecosystems.""It establishes scalable technical and commercial benchmarks for global custom markets.
About NLP MotorcyclesNLP reimagines riding culture through cutting-edge engineering and design, offering compliant vehicles, bespoke customization, and lifecycle services to advance industry legalization, personalization, and sustainability.
Media Contact:Peggy | Tel: +86-13929919443 | Email:[email protected]
(Explore details at Booth H12, Hall W2 – 2025 Beijing Motorcycle Exhibition.)
Photo -https://mma.prnewswire.com/media/2662738/1.jpg",[]
"Kengyi Technology (Guangdong) Co., Ltd. Launches NLP Motorcycles' Flagship Models at 2025 Beijing Expo","Apr 11, 2025, 11:01 ET",2025-04-13,https://www.prnewswire.com/news-releases/kengyi-technology-guangdong-co-ltd-launches-nlp-motorcycles-flagship-models-at-2025-beijing-expo-302426636.html,"Apr 11, 2025, 11:01 ET
Share this article
BEIJING,April 11, 2025/PRNewswire/ --NLP Motorcycles, a global luxury motorcycle brand, premiered its high-performance flagship models—DEVILS ST SeriesandULTAIL GL Series—at the 2025 Beijing International Motorcycle Exhibition (Booth H12, Hall W2). This debut underscores NLP's""compliant production + premium customization""approach, overcoming traditional modification restrictions to deliver legal, high-performance, and personalized solutions for riders worldwide, redefining premium motorcycle value.
Core Innovation: Compliance Meets CustomizationNLP's motorcycles adhere to theWMI global certification systemand 3C standards, produced in overseas-owned factories to ensure nationwide registration compliance, eliminating regional regulatory hurdles. By engineering vehicles to transcendChina's""1087"" modification limits, NLP resolves compatibility and post-sales challenges, enabling""legal customization, worry-free riding.""
Core Innovation: Compliance Meets CustomizationNLP's motorcycles adhere to theWMI global certification systemand 3C standards, produced in overseas-owned factories to ensure nationwide registration compliance, eliminating regional regulatory hurdles. By engineering vehicles to transcendChina's""1087"" modification limits, NLP resolves compatibility and post-sales challenges, enabling""legal customization, worry-free riding.""
Brand Vision: Freedom Beyond BoundariesNLP asserts:""Riding freedom must transcend policies, costs, or technical barriers. We empower riders to fuse technology and artistry, transforming motorcycles into extensions of their identity.""
Strategic Impact: Redefining Luxury MobilityNLP pioneersroad-legal luxury customization, merging performance with exclusivity while shifting consumer behavior from standardized purchases to""personalized mobility ecosystems.""It establishes scalable technical and commercial benchmarks for global custom markets.
About NLP MotorcyclesNLP reimagines riding culture through cutting-edge engineering and design, offering compliant vehicles, bespoke customization, and lifecycle services to advance industry legalization, personalization, and sustainability.
Media Contact:Peggy | Tel: +86-13929919443 | Email:[email protected]
(Explore details at Booth H12, Hall W2 – 2025 Beijing Motorcycle Exhibition.)
SOURCE NLP motorcycles",[]
123Invent Inventors Develop New Rubber Duck Display for Jeep-Style Vehicles (MHO-573),"Apr 11, 2025, 10:45 ET",2025-04-13,https://www.prnewswire.com/news-releases/123invent-inventors-develop-new-rubber-duck-display-for-jeep-style-vehicles-mho-573-302425286.html,"Apr 11, 2025, 10:45 ET
Share this article
PITTSBURGH,April 11, 2025/PRNewswire/ -- ""Owners of jeep-style vehicles like to share little rubber ducks as a morale booster, and often times, they are displayed on the dashboard which can impede the defroster and cause safety issues. We thought there could be a better way to display the collection of ducks,"" said one of two inventors, from Caseyville, Ill., ""so we invented the DUCK DASH. Our design offers a unique way to display them out of the way.""
The invention provides an improved way to display little rubber ducks within a jeep-style vehicle. In doing so, it eliminates the need to display them on the dashboard. As a result, it helps prevent safety issues, and it would not impede the defroster. It also could help boost morale amongst vehicle owners. The invention features a unique design that is easy to apply and use so it is ideal for the owners of jeep-style vehicles.
The DUCK DASH is currently available for licensing or sale to manufacturers or marketers. For more information, visitwww.theduckdash.net.Or contact Justin Ford & Christy Kelso at 469-325-2493 or email[email protected].
SOURCE InventHelp",['F']
"Dana Incorporated to Announce 2025 First-quarter Financial Results, Host Conference Call and Webcast on April 30","Apr 11, 2025, 09:00 ET",2025-04-13,https://www.prnewswire.com/news-releases/dana-incorporated-to-announce-2025-first-quarter-financial-results-host-conference-call-and-webcast-on-april-30-302426321.html,"Apr 11, 2025, 09:00 ET
Share this article
MAUMEE, Ohio,April 11, 2025/PRNewswire/ -- Dana Incorporated (NYSE:DAN) will release its 2025 first-quarter financial results onWednesday, April 30, 2025. A press release will be issued at approximately7 a.m. EDT, followed by a conference call and webcast at9 a.m. EDT. Members of the company's senior management team will be available at that time to discuss the results and answer related questions.
The conference call can be accessed by telephone from both domestic and international locations using the information provided below:
Conference ID: 9943139Participant Toll-Free Dial-In Number: 1 (888) 440-5873Participant Toll Dial-In Number: 1 (646) 960-0319
Audio streaming and slides will be available online via a link provided on the Dana investor website:www.dana.com/investors.
A webcast replay can be accessed via Dana's investor website following the call.
About Dana IncorporatedDana is a leader in the design and manufacture of highly efficient propulsion and energy-management solutions that power vehicles and machines in all mobility markets across the globe. The company is shaping sustainable progress through its conventional and clean-energy solutions that support nearly every vehicle manufacturer with drive and motion systems; electrodynamic technologies, including software and controls; and thermal, sealing, and digital solutions.
Based inMaumee, Ohio, USA, the company reported sales of$10.3 billionin 2024 with 39,000 people in 30 countries across six continents.  With a history dating to 1904, Dana was named among the ""World's Most Ethical Companies"" for 2025 by Ethisphere and as one of ""America's Most Responsible Companies 2025"" by Newsweek.  The company is driven by a high-performance culture that focuses on valuing others, inspiring innovation, growing responsibly, and winning together, earning it global recognition as a top employer.  Learn more at dana.com.
SOURCE Dana Incorporated",[]
El HONGQI E-HS9 se incorpora oficialmente a la flota de servicio VIP del aeropuerto de Frankfurt,"Apr 11, 2025, 08:58 ET",2025-04-13,https://www.prnewswire.com/news-releases/el-hongqi-e-hs9-se-incorpora-oficialmente-a-la-flota-de-servicio-vip-del-aeropuerto-de-frankfurt-302426568.html,"Apr 11, 2025, 08:58 ET
Share this article
FRANKFURT, Alemania,11 de abril de 2025/PRNewswire/ -- El HONGQI E-HS9 se ha incorporado oficialmente a la flota de servicios VIP del Aeropuerto deFrankfurt, ofreciendo transporte prémium y cómodo para invitados distinguidos, incluyendo altos funcionarios gubernamentales y líderes empresariales. Con su sofisticado diseño y avanzadas prestaciones, el HONGQI E-HS9 aporta un lujo inigualable al servicio VIP del aeropuerto deFrankfurt.
Desde la primera entrega del HONGQI E-HS9 al aeropuerto deFrankfurty su posterior prueba de funcionamiento el año pasado, ha recibido grandes elogios por su excepcional calidad de vuelo y seguridad, demostrando un rendimiento y una fabricación excepcionales. Esta acogida positiva no solo ha reforzado la confianza del aeropuerto en la marca HONGQI, sino que también ha sentado una base sólida para una mayor colaboración. El aeropuerto planea ahora integrar el HONGQI H9 en su flota, reforzando la colaboración y mejorando conjuntamente la experiencia de los viajes de lujo.
Desde la primera entrega del HONGQI E-HS9 al aeropuerto deFrankfurty su posterior prueba de funcionamiento el año pasado, ha recibido grandes elogios por su excepcional calidad de vuelo y seguridad, demostrando un rendimiento y una fabricación excepcionales. Esta acogida positiva no solo ha reforzado la confianza del aeropuerto en la marca HONGQI, sino que también ha sentado una base sólida para una mayor colaboración. El aeropuerto planea ahora integrar el HONGQI H9 en su flota, reforzando la colaboración y mejorando conjuntamente la experiencia de los viajes de lujo.
Los HONGQI E-HS9 y H9 integran a la perfección tecnología avanzada con un diseño exquisito. Su excepcional calidad de conducción, combinada con interiores refinados y sofisticados, ofrece a cada pasajero un momento de relajación privado y elegante. La batería ternaria de iones de litio de alto rendimiento del E-HS9 y el sistema de tracción a las cuatro ruedas con doble motor garantizan un viaje eficiente y sin contratiempos. La atención al detalle es esencial para HONGQI, con características exclusivas como las luces de bienvenida iluminadas ""Wing of HONGQI"" en el H9, que demuestran la elegancia de la marca. El Sistema Electrónico de Cortesía utiliza tecnología avanzada para brindar a los VIP una experiencia de viaje inteligente y cómoda. Los HONGQI E-HS9 y H9 encarnan a la perfección la fusión de lujo, elegancia y confort, ofreciendo un viaje extraordinario y refinado en cada viaje.
El E-HS9 es el primer vehículo de HONGQI que se exporta a Europa. Desde su lanzamiento en 2020, ha generado un gran interés en el mercado europeo, llegando a países como Noruega, Países Bajos y Suecia. La incorporación del E-HS9 y el H9 a la flota VIP del Aeropuerto deFrankfurtno solo mejora la oferta de servicios de lujo del aeropuerto, sino que también consolida la posición de HONGQI como actor clave en el sector global de la automoción de lujo. Cabe destacar que los últimos modelos de HONGQI, el EH7 y el EHS7, ya se han lanzado y están a la venta, y el primer lote de vehículos ya ha llegado a Europa. De cara al futuro, HONGQI planea introducir más vehículos de nueva energía en el mercado europeo, para seguir ofreciendo opciones de conducción exclusivas y lujosas a los clientes europeos.
Sitio web:https://www.hongqi-auto.comEHS9:https://www.hongqi-auto.com/go/bVFWxffzH9:https://www.hongqi-auto.com/go/2SXq2d3DEHS7:https://www.hongqi-auto.com/go/EFRv5UQyEH7:https://www.hongqi-auto.com/go/UoPMng9t
Foto -https://mma.prnewswire.com/media/2662793/image_5028817_38419043.jpg",[]
"Lidar Industry Enters Mass Adoption Phase, Hesai Remains Leader In Global Market Share","Apr 11, 2025, 08:30 ET",2025-04-13,https://www.prnewswire.com/news-releases/lidar-industry-enters-mass-adoption-phase-hesai-remains-leader-in-global-market-share-302426520.html,"Apr 11, 2025, 08:30 ET
Share this article
PALO ALTO, Calif.,April 11, 2025/PRNewswire/ -- Hesai Group (Nasdaq:HSAI), the global leader in lidar technology for automotive mobility and robotics application, has been named the top automotive lidar company by market share for the fourth consecutive year byYole Group, a global advisory and market analysis firm recognized for its expertise in the semiconductor, photonic, and electronic sectors. The report highlights Hesai's continued leadership in the global lidar industry, emphasizing its market-leading revenue share, and dominant presence across both ADAS-enabled passenger cars and the robotaxi segment. This leadership position was bolstered by strategic partnerships with leading global OEMs, ongoing technological innovations, and rapidly growing demand in both the passenger car segment and robotaxi market.
Yole Group's ""Lidar for Automotive 2025"" report, which ranks lidar companies by several key indicators of success, noted that Hesai captured 33% of the global market by revenue in 2024. The market has witnessed enormous growth of 60% year-on-year to reach a value of$859 million.
Yole Group's ""Lidar for Automotive 2025"" report, which ranks lidar companies by several key indicators of success, noted that Hesai captured 33% of the global market by revenue in 2024. The market has witnessed enormous growth of 60% year-on-year to reach a value of$859 million.
Hesai's leadership is particularly evident in the rapidly expanding ADAS-enabled passenger vehicle market, which is experiencing explosive growth, particularly inChina. Yole Group reports that around 120 vehicle models have adopted lidar since 2018, with adoption accelerating. Nearly 40 new lidar-equipped models have launched in the last two years alone. As the technology continues to grow in popularity, Chinese automakers are now implementing lidar beyond luxury vehicles, into more affordable, mass-market models, including C-segment cars priced around$25,000. This democratization drove the ADAS passenger car lidar market to grow by 68% year-on-year in 2024. This marks a major turning point for the industry as it enters a true mass adoption phase.
Hesai's scalability, vertical integration, and strategic design wins with 22 OEMs across over 120 models have made it a top supplier in this segment. According to the report, industry leaders, including BYD and Li Auto, are driving this momentum. BYD's ""God's Eye"" intelligent driving system is now available in mass-market models, and Li Auto plans to standardize lidar across its entire 2025 lineup.
In the robotaxi market specifically, Hesai dominates with a commanding 61% market share, supplying industry leaders such as Zoox, Aurora, Apollo, Didi, Pony, and WeRide.
Looking toward 2025, Yole Group expects the adoption of lidar-based ADAS systems, particularly driven by recent commitments from Chinese players, will push lidar installations beyond three million units. Hesai's growth in tandem with the industry will enable it to remain a leader in the market.
""We are proud to be recognized by Yole Group as the leader in the global lidar market for the fourth year in a row,"" saidDavid Li, CEO & Co-Founder of Hesai. ""Lidar is experiencing transformative growth as automakers increasingly rely on the technology to drastically increase safety and reliability across both manned and autonomous vehicles. Our advantage lies in the speed and scale at which we innovate and manufacture, driven by our initiative of delivering ultimate performance and ultimate value-to-cost.""
""Hesai's continued market leadership reflects their sound business model and innovation capabilities across the sector,"" saidPierrick Boulay, Senior Analyst at Yole Group. ""The Company is uniquely positioned to capitalize on new opportunities as the industry continues to grow.""
Hesai continues to report the strongest revenue amongst its competitors and is the only company in the industry to have achieved full-year non-GAAP1 profitability. To date, Hesai has secured design wins with 22 automotive OEMs for over 120 vehicle models globally. InDecember 2024, Hesai became the first lidar company in the world to deliver more than 100,000 units in a single month.
Note:The data in this article represents third party estimates and are not official operational figures of the company. Please refer to the company's financial report for specific information.
About Hesai
Hesai Group (Nasdaq:HSAI) is a global leader in LIDAR solutions. The company's LIDAR products enable a broad spectrum of applications including passenger and commercial vehicles (""ADAS""), as well as autonomous driving vehicles and robotics and other non-automotive applications such as last-mile delivery robots and AGVs (""Robotics""). Hesai seamlessly integrates its in-house manufacturing process with LIDAR R&D and design, enabling rapid product iteration while ensuring high performance, high quality and affordability. The company's commercially validated solutions are backed by superior R&D capabilities across optics, mechanics, and electronics. Hesai has established offices inShanghai,Palo AltoandStuttgart, with customers spanning more than 40 countries.
About Yole Group
Yole Group offers a comprehensive range of reports, covering market trends, technology insights, teardowns, and reverse costing analyses. For tailored strategic, technical, or market analysis, as well as answers to specific questions, Yole Group also provides custom consulting services.
More information onyolegroup.com-LinkedIn.
SOURCE Hesai Technology",[]
AAM to Present at the BofA Securities 2025 Global Automotive Summit on April 15,"Apr 11, 2025, 08:00 ET",2025-04-13,https://www.prnewswire.com/news-releases/aam-to-present-at-the-bofa-securities-2025-global-automotive-summit-on-april-15-302423570.html,"Apr 11, 2025, 08:00 ET
Share this article
DETROIT,April 11, 2025/PRNewswire/ -- American Axle & Manufacturing Holdings, Inc. (AAM), (NYSE:AXL) will participate in the BofA Securities 2025 Global Automotive Summit on April 15.
AAM is scheduled to webcast the fireside chat presentation at1:20 p.m. ET. The live audio webcast will be accessible through the Investor Relations page on AAM's website (www.aam.com). A replay of the webcast will be available following the event.
About AAMAs a leading global Tier 1 Automotive and Mobility Supplier, AAM designs, engineers and manufactures Driveline and Metal Forming technologies to support electric, hybrid and internal combustion vehicles. Headquartered inDetroit, MI, with over 75 facilities in 16 countries, AAM is bringing the future faster for a safer and more sustainable tomorrow. To learn more, visitaam.com.
Our presentation may contain ""forward-looking"" statements that are subject to risks and uncertainties described in our most recent filings on Form 10-K and Form 10-Q with the Securities and Exchange Commission, and actual results may differ materially. Our presentation may also include certain non-GAAP financial measures. Information regarding these non-GAAP measures, as well as a reconciliation of these non-GAAP measures to GAAP financial information, is available onAAM's website.
For more information:
Investor Contact:David H. LimHead of Investor Relations(313) 758-2006[email protected]
Media Contact:Christopher M. SonVice President, Marketing & Communications(313) 758-4814[email protected]
Or visit the AAM website atwww.aam.com.
SOURCE American Axle & Manufacturing Holdings, Inc.",[]
HONGQI E-HS9 Officially Joins Frankfurt Airport's VIP Service Fleet,"Apr 11, 2025, 07:55 ET",2025-04-13,https://www.prnewswire.com/news-releases/hongqi-e-hs9-officially-joins-frankfurt-airports-vip-service-fleet-302426527.html,"Apr 11, 2025, 07:55 ET
Share this article
FRANKFURT, Germany,April 11, 2025/PRNewswire/ -- The HONGQI E-HS9 has officially joined the VIP service fleet at Frankfurt Airport, offering premium and comfortable transportation for distinguished guests, including high-ranking government officials and business leaders. With its sophisticated design and advanced features, the HONGQI E-HS9 brings unparalleled luxury to Frankfurt Airport's VIP service.
Since the first delivery of the HONGQI E-HS9 to Frankfurt Airport and its subsequent trial operation last year, it has received high praise for its exceptional ride quality and driving safety, showcasing outstanding performance and craftsmanship. This positive feedback has not only strengthened the airport's confidence in the HONGQI brand but also laid a solid foundation for further collaboration. The airport is now planning to integrate the HONGQI H9 into its fleet, reinforcing the partnership and jointly enhancing the luxury travel experience.
Since the first delivery of the HONGQI E-HS9 to Frankfurt Airport and its subsequent trial operation last year, it has received high praise for its exceptional ride quality and driving safety, showcasing outstanding performance and craftsmanship. This positive feedback has not only strengthened the airport's confidence in the HONGQI brand but also laid a solid foundation for further collaboration. The airport is now planning to integrate the HONGQI H9 into its fleet, reinforcing the partnership and jointly enhancing the luxury travel experience.
The HONGQI E-HS9 and H9 seamlessly integrate advanced technology with exquisite design, the exceptional ride quality, combined with refined and sophisticated interiors, offers each passenger a private and elegant moment of relaxation. The E-HS9's high-performance ternary lithium-ion power battery and dual-motor four-wheel-drive system ensure that every journey is efficient and smooth. Attention to detail is essential for HONGQI, with exclusive features such as the ""Wing of HONGQI"" illuminated welcome lights on the H9, showcasing the brand's elegance. The Electronic Courtesy System leverages advanced technology to provide VIPs with an intelligent and comfortable travel experience. The HONGQI E-HS9 and H9 perfectly embody the fusion of luxury, elegance and comfort, providing an extraordinary and refined journey every time.
The E-HS9 is the first vehicle from HONGQI to be exported toEurope. Since its launch in 2020, it has garnered significant attention in the European market, entering countries such asNorway,the Netherlands, andSweden. The addition of the E-HS9 and H9 to Frankfurt Airport's VIP fleet not only enhances the airport's luxury service offering but also solidifies HONGQI's position as a key player in the global luxury automotive sector. Notably, the HONGQI's latest models, the EH7 and EHS7, have already been launched and are now available for sale, with the first batch of vehicles having already arrived inEurope. Looking ahead, HONGQI plans to introduce more new energy vehicles to the European market, continuing to offer exclusive and luxurious driving options for European customers.
Website:https://www.hongqi-auto.comEHS9:https://www.hongqi-auto.com/go/bVFWxffzH9:https://www.hongqi-auto.com/go/2SXq2d3DEHS7:https://www.hongqi-auto.com/go/EFRv5UQyEH7:https://www.hongqi-auto.com/go/UoPMng9t
Photo -https://mma.prnewswire.com/media/2662793/image_5028817_38419043.jpg",[]
CNH y DENSO reconocidos por sus excelentes esfuerzos de protección de marca en EMEA SEC 2025,"Apr 11, 2025, 07:21 ET",2025-04-13,https://www.prnewswire.com/news-releases/cnh-y-denso-reconocidos-por-sus-excelentes-esfuerzos-de-proteccion-de-marca-en-emea-sec-2025-302426501.html,"Apr 11, 2025, 07:21 ET
Share this article
ÁMSTERDAM,11 de abril de 2025/PRNewswire/ -- La Conferencia de Seguridad y Autenticación de EMEA (EMEA SEC) 2025 ha reconocido aCNH y DENSOpor sus esfuerzos ejemplares en la protección de marca y la lucha contra la falsificación. Los premios destacan la impactante adopción de soluciones criptográficas basadas en IA que buscan revolucionar la autenticación de marca en todos los sectores. Gracias a estas colaboraciones,Ennoventureha desempeñado un papel fundamental en la sensibilización y el fomento de medidas proactivas contra la falsificación en la cadena de suministro automotriz de DENSO, a la vez que ha fortalecido la protección de marca y la autenticidad de los productos en los mercados agrícolas e industriales globales con CNH.
CNH y DENSOfueron premiados respectivamente por sus contribuciones: uno comoLíder en Tecnología Antifalsificacióny el otro comoDefensor de la Concienciación sobre las Falsificaciones. Mientras que CNH fue reconocido por su uso estratégico de la autenticación digital para garantizar la autenticidad de los productos y proteger la confianza del cliente, DENSO fue reconocido por liderar iniciativas de concienciación que educan a los clientes y a las partes interesadas del sector sobre los riesgos asociados con las piezas automotrices falsificadas.
CNH y DENSOfueron premiados respectivamente por sus contribuciones: uno comoLíder en Tecnología Antifalsificacióny el otro comoDefensor de la Concienciación sobre las Falsificaciones. Mientras que CNH fue reconocido por su uso estratégico de la autenticación digital para garantizar la autenticidad de los productos y proteger la confianza del cliente, DENSO fue reconocido por liderar iniciativas de concienciación que educan a los clientes y a las partes interesadas del sector sobre los riesgos asociados con las piezas automotrices falsificadas.
""En EMEA SEC 2025, creemos que un progreso significativo en la lucha contra la falsificación se basa en una sólida colaboración.CNH y DENSOejemplifican cómo las alianzas, como la de Ennoventure, pueden transformar ideas en estrategias de protección de marca impactantes en los mercados globales"", afirmóHazem Ibrahim, fundador y consejero delegado de ASIAS Security Group SDN BHD.
""Nos complace enormemente que nuestros clientes, CNH y DENSO, reciban estos prestigiosos premios en EMEA SEC 2025"", declaróPadmakumar Nair, consejero delegado de Ennoventure, Inc. ""Su reconocimiento demuestra el impacto de nuestras soluciones criptográficas basadas en IA en la seguridad de las marcas y la protección de los consumidores. Este triunfo refuerza nuestro compromiso de proporcionar tecnología que impulse un cambio significativo en la protección de las marcas"".
Acerca deEnnoventure, Inc.
Ennoventure, Inc. es una empresa global de SaaS que lidera la revolución digital en la protección de marcas, distinguida por su firma invisible patentada, impulsada por IA y criptografía. Con la innovación y las personas como pilares, empoderamos a marcas y consumidores autenticando los empaques de sus productos y transformándolos en empaques inteligentes y conectados. Nuestras soluciones se integran a la perfección en el empaque de sus productos, sin necesidad de modificar procesos ni invertir capital. Con la confianza de importantes marcas a nivel mundial, miles de millones de empaques de productos llevan nuestras firmas invisibles en diversos sectores, como automoción, repuestos industriales, bienes de consumo de alta rotación, agroquímicos y más. Ennoventure, Inc. tiene su sede enMassachusettsy oficinas en Dubái eIndia.
Visitewww.ennoventure.compara redefinir su estrategia de protección de marca.
Contacto de medios
[email protected]Responsable de Generación de Demanda y Crecimiento+91-8861610538
Foto:https://mma.prnewswire.com/media/2662693/ASIAS_SECURITY_GROUP.jpg",[]
Valvoline Inc. Receives Second Request from Federal Trade Commission Related to the Proposed Acquisition of Breeze Autocare,"Apr 11, 2025, 07:00 ET",2025-04-13,https://www.prnewswire.com/news-releases/valvoline-inc-receives-second-request-from-federal-trade-commission-related-to-the-proposed-acquisition-of-breeze-autocare-302426315.html,"Apr 11, 2025, 07:00 ET
Share this article
LEXINGTON, Ky.,April 11, 2025/PRNewswire/ -- Valvoline Inc. (NYSE:VVV) today announced that the Company and Greenbriar Equity Group, L.P. (""Greenbriar"") each received a Request for Additional Information and Documentary Material (""Second Request"") from the U.S. Federal Trade Commission (""FTC"") as part of the agency's regulatory review of Valvoline's proposed acquisition of Breeze Autocare from Greenbriar.
The Second Request extends the waiting period imposed by the Hart-Scott-Rodino Antitrust Improvements Act of 1976 (""HSR Act"") until 30 days after Valvoline and Greenbriar have substantially complied with the requests unless the waiting period is voluntarily extended by the parties or terminated sooner by the FTC.
The completion of the acquisition remains subject to the expiration or termination of the waiting period under the HSR Act and other customary closing conditions. The Company will continue to work constructively with the FTC to enable closing of the transaction as soon as possible. The Company expects the transaction to close in the second half of fiscal 2025.
About Valvoline Inc.
Valvoline Inc. (NYSE:VVV) delivers quick, easy, trusted service at more than 2,000 franchised and company-operated service centers acrossthe United StatesandCanada. The Company completes more than 28 million services annually system-wide, from 15-minute stay-in-your-car oil changes to a variety of manufacturer-recommended maintenance services such as wiper replacements and tire rotations. At Valvoline Inc., it all starts with our people, including the 11,000 team members who are working to grow the core business, expand the Company's retail network, and plan for the vehicles of the future. For more information, visitvioc.com.
Forward-Looking Statements
Certain statements herein, other than statements of historical fact, are forward-looking statements within the meaning of the Private Securities Litigation Reform Act of 1995. Such forward-looking statements may include, without limitation, statements about the proposed transaction to acquire Breeze Autocare, including its Oil Changers stores, the expected timetable for completing the proposed transaction, and the benefits and synergies of the proposed transaction; executing on the growth strategy to create shareholder value by driving the full potential in Valvoline's core business, accelerating network growth and innovating to meet the needs of customers and the evolving car parc; realizing the benefits from acquisitions and refranchising transactions; and future opportunities for the stand-alone retail business; and any other statements regarding Valvoline's future operations, financial or operating results, capital allocation, debt leverage ratio, anticipated business levels, dividend policy, anticipated growth, market opportunities, strategies, competition, and other expectations and targets for future periods. Valvoline has identified some of these forward-looking statements with words such as ""anticipates,"" ""believes,"" ""expects,"" ""estimates,"" ""is likely,"" ""predicts,"" ""projects,"" ""forecasts,"" ""may,"" ""will,"" ""should,"" and ""intends,"" and the negative of these words or other comparable terminology. These forward-looking statements are based on Valvoline's current expectations, estimates, projections, and assumptions as of the date such statements are made and are subject to risks and uncertainties that may cause results to differ materially from those expressed or implied in the forward-looking statements. Additional information regarding these risks and uncertainties are described in Valvoline's filings with the Securities and Exchange Commission (the ""SEC""), including in the ""Risk Factors,"" ""Management's Discussion and Analysis of Financial Condition and Results of Operations,"" and ""Quantitative and Qualitative Disclosures about Market Risk"" sections of Valvoline's most recently filed periodic reports on Forms 10-K and 10-Q, which are available on Valvoline's website athttp://investors.valvoline.com/sec-filingsor on the SEC's website athttp://www.sec.gov. Valvoline assumes no obligation to update or revise these forward-looking statements for any reason, even if new information becomes available in the future, unless required by law.
™ Trademark, Valvoline Inc., or its subsidiaries, registered in various countries
FURTHER INFORMATION
Investor InquiriesElizabeth B. Clevinger+1 (859) 357-3155[email protected]
Media InquiriesAngela Davied[email protected]
SOURCE Valvoline Inc.",[]
